-- ===== Seed Const_Asset_DepreciationStatus =====
INSERT INTO "Const_Asset_DepreciationStatus" ("Asset_DepreciationStatus_ID", "StatusDescription") VALUES (1, 'Scheduled') ON CONFLICT ("Asset_DepreciationStatus_ID") DO NOTHING;
INSERT INTO "Const_Asset_DepreciationStatus" ("Asset_DepreciationStatus_ID", "StatusDescription") VALUES (2, 'Rescheduled') ON CONFLICT ("Asset_DepreciationStatus_ID") DO NOTHING;
INSERT INTO "Const_Asset_DepreciationStatus" ("Asset_DepreciationStatus_ID", "StatusDescription") VALUES (3, 'Immediate') ON CONFLICT ("Asset_DepreciationStatus_ID") DO NOTHING;
INSERT INTO "Const_Asset_DepreciationStatus" ("Asset_DepreciationStatus_ID", "StatusDescription") VALUES (4, 'Paused') ON CONFLICT ("Asset_DepreciationStatus_ID") DO NOTHING;
INSERT INTO "Const_Asset_DepreciationStatus" ("Asset_DepreciationStatus_ID", "StatusDescription") VALUES (5, 'Schedule Cancelled') ON CONFLICT ("Asset_DepreciationStatus_ID") DO NOTHING;
INSERT INTO "Const_Asset_DepreciationStatus" ("Asset_DepreciationStatus_ID", "StatusDescription") VALUES (6, 'Recalculation Scheduled') ON CONFLICT ("Asset_DepreciationStatus_ID") DO NOTHING;
INSERT INTO "Const_Asset_DepreciationStatus" ("Asset_DepreciationStatus_ID", "StatusDescription") VALUES (7, 'Validated') ON CONFLICT ("Asset_DepreciationStatus_ID") DO NOTHING;
INSERT INTO "Const_Asset_DepreciationStatus" ("Asset_DepreciationStatus_ID", "StatusDescription") VALUES (8, 'Validation Failed') ON CONFLICT ("Asset_DepreciationStatus_ID") DO NOTHING;
INSERT INTO "Const_Asset_DepreciationStatus" ("Asset_DepreciationStatus_ID", "StatusDescription") VALUES (9, 'Schedule Approved (Waiting for Run)') ON CONFLICT ("Asset_DepreciationStatus_ID") DO NOTHING;
INSERT INTO "Const_Asset_DepreciationStatus" ("Asset_DepreciationStatus_ID", "StatusDescription") VALUES (10, 'Schedule Declined') ON CONFLICT ("Asset_DepreciationStatus_ID") DO NOTHING;
INSERT INTO "Const_Asset_DepreciationStatus" ("Asset_DepreciationStatus_ID", "StatusDescription") VALUES (11, 'In Progress') ON CONFLICT ("Asset_DepreciationStatus_ID") DO NOTHING;
INSERT INTO "Const_Asset_DepreciationStatus" ("Asset_DepreciationStatus_ID", "StatusDescription") VALUES (12, 'Run Complete (Waiting for Approval)') ON CONFLICT ("Asset_DepreciationStatus_ID") DO NOTHING;
INSERT INTO "Const_Asset_DepreciationStatus" ("Asset_DepreciationStatus_ID", "StatusDescription") VALUES (13, 'Posted to GL (Run Approved)') ON CONFLICT ("Asset_DepreciationStatus_ID") DO NOTHING;
INSERT INTO "Const_Asset_DepreciationStatus" ("Asset_DepreciationStatus_ID", "StatusDescription") VALUES (14, 'Run Declined') ON CONFLICT ("Asset_DepreciationStatus_ID") DO NOTHING;
INSERT INTO "Const_Asset_DepreciationStatus" ("Asset_DepreciationStatus_ID", "StatusDescription") VALUES (15, 'Submitted for Approval') ON CONFLICT ("Asset_DepreciationStatus_ID") DO NOTHING;
INSERT INTO "Const_Asset_DepreciationStatus" ("Asset_DepreciationStatus_ID", "StatusDescription") VALUES (16, 'Nothing to Process') ON CONFLICT ("Asset_DepreciationStatus_ID") DO NOTHING;
SELECT setval(pg_get_serial_sequence('"Const_Asset_DepreciationStatus"', 'Asset_DepreciationStatus_ID'), COALESCE((SELECT MAX("Asset_DepreciationStatus_ID") FROM "Const_Asset_DepreciationStatus"), 0) + 1, false);

-- ===== Seed Const_ReferenceType_sys =====
INSERT INTO "Const_ReferenceType_sys" ("ReferenceType_ID", "Name", "Enabled", "DateCaptured", "CapturerID") VALUES (2, 'AssetTransactionTypes', 1, '2019-04-25 19:27:16.140', 1) ON CONFLICT ("ReferenceType_ID") DO NOTHING;

-- ===== Seed Const_ReferenceData_sys =====
INSERT INTO "Const_ReferenceData_sys" ("ReferenceData_ID", "ReferenceTypeID", "Description", "Enabled", "DateCaptured", "CapturerID") VALUES (22, 2, 'Depreciation', 1, '2019-04-25 19:27:16.153', 1) ON CONFLICT ("ReferenceData_ID") DO NOTHING;
INSERT INTO "Const_ReferenceData_sys" ("ReferenceData_ID", "ReferenceTypeID", "Description", "Enabled", "DateCaptured", "CapturerID") VALUES (23, 2, 'Revaluation', 1, '2019-04-25 19:27:16.163', 1) ON CONFLICT ("ReferenceData_ID") DO NOTHING;
INSERT INTO "Const_ReferenceData_sys" ("ReferenceData_ID", "ReferenceTypeID", "Description", "Enabled", "DateCaptured", "CapturerID") VALUES (24, 2, 'Impairment', 1, '2019-04-25 19:27:16.167', 1) ON CONFLICT ("ReferenceData_ID") DO NOTHING;
INSERT INTO "Const_ReferenceData_sys" ("ReferenceData_ID", "ReferenceTypeID", "Description", "Enabled", "DateCaptured", "CapturerID") VALUES (25, 2, 'Fair Value Adjustment', 1, '2019-04-25 19:27:16.173', 1) ON CONFLICT ("ReferenceData_ID") DO NOTHING;
INSERT INTO "Const_ReferenceData_sys" ("ReferenceData_ID", "ReferenceTypeID", "Description", "Enabled", "DateCaptured", "CapturerID") VALUES (26, 2, 'Disposal', 1, '2019-04-25 19:27:16.180', 1) ON CONFLICT ("ReferenceData_ID") DO NOTHING;
INSERT INTO "Const_ReferenceData_sys" ("ReferenceData_ID", "ReferenceTypeID", "Description", "Enabled", "DateCaptured", "CapturerID") VALUES (27, 2, 'Prior Year Error Adjustment', 1, '2019-04-25 19:27:16.187', 1) ON CONFLICT ("ReferenceData_ID") DO NOTHING;
INSERT INTO "Const_ReferenceData_sys" ("ReferenceData_ID", "ReferenceTypeID", "Description", "Enabled", "DateCaptured", "CapturerID") VALUES (28, 2, 'Financial Detail Adjustment', 1, '2019-04-25 19:27:16.190', 1) ON CONFLICT ("ReferenceData_ID") DO NOTHING;
INSERT INTO "Const_ReferenceData_sys" ("ReferenceData_ID", "ReferenceTypeID", "Description", "Enabled", "DateCaptured", "CapturerID") VALUES (33, 2, 'General Update', 1, '2019-04-25 19:27:16.197', 1) ON CONFLICT ("ReferenceData_ID") DO NOTHING;
INSERT INTO "Const_ReferenceData_sys" ("ReferenceData_ID", "ReferenceTypeID", "Description", "Enabled", "DateCaptured", "CapturerID") VALUES (35, 2, 'Asset Transfer', 1, '2025-07-23 00:00:00.000', 1) ON CONFLICT ("ReferenceData_ID") DO NOTHING;
INSERT INTO "Const_ReferenceData_sys" ("ReferenceData_ID", "ReferenceTypeID", "Description", "Enabled", "DateCaptured", "CapturerID") VALUES (37, 2, 'Asset Refurbishment', 1, '2019-04-25 00:00:00.000', 2) ON CONFLICT ("ReferenceData_ID") DO NOTHING;

-- ===== Seed Const_AssetJournalTransactionType_Sys =====
INSERT INTO "Const_AssetJournalTransactionType_Sys" ("AssetJournalTransactionType_ID", "AssetJournalTransactionDesc", "Const_DocumentTypeID", "Enabled", "DateCaptured", "CapturerID") VALUES (20, 'Asset Captilisation', 999, 1, '2016-09-09 17:10:46.380', 1) ON CONFLICT ("AssetJournalTransactionType_ID") DO NOTHING;
INSERT INTO "Const_AssetJournalTransactionType_Sys" ("AssetJournalTransactionType_ID", "AssetJournalTransactionDesc", "Const_DocumentTypeID", "Enabled", "DateCaptured", "CapturerID") VALUES (21, 'Asset Depreciation', 666, 1, '2016-09-09 17:10:46.390', 1) ON CONFLICT ("AssetJournalTransactionType_ID") DO NOTHING;
INSERT INTO "Const_AssetJournalTransactionType_Sys" ("AssetJournalTransactionType_ID", "AssetJournalTransactionDesc", "Const_DocumentTypeID", "Enabled", "DateCaptured", "CapturerID") VALUES (22, 'Asset Loan Charges/Redemption', 777, 1, '2016-09-09 17:10:46.397', 1) ON CONFLICT ("AssetJournalTransactionType_ID") DO NOTHING;
INSERT INTO "Const_AssetJournalTransactionType_Sys" ("AssetJournalTransactionType_ID", "AssetJournalTransactionDesc", "Const_DocumentTypeID", "Enabled", "DateCaptured", "CapturerID") VALUES (23, 'Asset Impairment', 786, 1, '2016-09-09 17:10:46.403', 1) ON CONFLICT ("AssetJournalTransactionType_ID") DO NOTHING;
INSERT INTO "Const_AssetJournalTransactionType_Sys" ("AssetJournalTransactionType_ID", "AssetJournalTransactionDesc", "Const_DocumentTypeID", "Enabled", "DateCaptured", "CapturerID") VALUES (25, 'Asset Transfer', 420, 1, '2016-09-09 17:10:46.413', 1) ON CONFLICT ("AssetJournalTransactionType_ID") DO NOTHING;
INSERT INTO "Const_AssetJournalTransactionType_Sys" ("AssetJournalTransactionType_ID", "AssetJournalTransactionDesc", "Const_DocumentTypeID", "Enabled", "DateCaptured", "CapturerID") VALUES (26, 'Asset Disposal', 306, 1, '2016-09-09 17:10:46.423', 1) ON CONFLICT ("AssetJournalTransactionType_ID") DO NOTHING;
INSERT INTO "Const_AssetJournalTransactionType_Sys" ("AssetJournalTransactionType_ID", "AssetJournalTransactionDesc", "Const_DocumentTypeID", "Enabled", "DateCaptured", "CapturerID") VALUES (27, 'Asset FairValue', 316, 1, '2016-09-09 17:10:46.430', 1) ON CONFLICT ("AssetJournalTransactionType_ID") DO NOTHING;
INSERT INTO "Const_AssetJournalTransactionType_Sys" ("AssetJournalTransactionType_ID", "AssetJournalTransactionDesc", "Const_DocumentTypeID", "Enabled", "DateCaptured", "CapturerID") VALUES (30, 'Asset Misclassification', 360, 1, '2016-07-28 00:00:00.000', 1) ON CONFLICT ("AssetJournalTransactionType_ID") DO NOTHING;
INSERT INTO "Const_AssetJournalTransactionType_Sys" ("AssetJournalTransactionType_ID", "AssetJournalTransactionDesc", "Const_DocumentTypeID", "Enabled", "DateCaptured", "CapturerID") VALUES (31, 'Asset Reversal of Impairment', 787, 1, '2019-09-05 20:21:38.427', 1) ON CONFLICT ("AssetJournalTransactionType_ID") DO NOTHING;
INSERT INTO "Const_AssetJournalTransactionType_Sys" ("AssetJournalTransactionType_ID", "AssetJournalTransactionDesc", "Const_DocumentTypeID", "Enabled", "DateCaptured", "CapturerID") VALUES (32, 'Asset Unbundling', 1005, 1, '2021-04-19 17:57:41.257', 1) ON CONFLICT ("AssetJournalTransactionType_ID") DO NOTHING;
INSERT INTO "Const_AssetJournalTransactionType_Sys" ("AssetJournalTransactionType_ID", "AssetJournalTransactionDesc", "Const_DocumentTypeID", "Enabled", "DateCaptured", "CapturerID") VALUES (33, 'Asset Revaluation', 1145, 1, '2021-04-19 18:18:08.877', 1) ON CONFLICT ("AssetJournalTransactionType_ID") DO NOTHING;
INSERT INTO "Const_AssetJournalTransactionType_Sys" ("AssetJournalTransactionType_ID", "AssetJournalTransactionDesc", "Const_DocumentTypeID", "Enabled", "DateCaptured", "CapturerID") VALUES (34, 'Asset Donation', 1001, 1, '2021-04-19 18:18:08.880', 1) ON CONFLICT ("AssetJournalTransactionType_ID") DO NOTHING;
INSERT INTO "Const_AssetJournalTransactionType_Sys" ("AssetJournalTransactionType_ID", "AssetJournalTransactionDesc", "Const_DocumentTypeID", "Enabled", "DateCaptured", "CapturerID") VALUES (35, 'Asset Revision', 1000, 1, '2021-04-19 18:18:08.883', 1) ON CONFLICT ("AssetJournalTransactionType_ID") DO NOTHING;
INSERT INTO "Const_AssetJournalTransactionType_Sys" ("AssetJournalTransactionType_ID", "AssetJournalTransactionDesc", "Const_DocumentTypeID", "Enabled", "DateCaptured", "CapturerID") VALUES (37, 'Asset Refurbishment', 2316167, 1, '2019-04-25 00:00:00.000', 1) ON CONFLICT ("AssetJournalTransactionType_ID") DO NOTHING;

-- ===== Seed Const_DocumentType (asset-related entries only) =====
INSERT INTO "Const_DocumentType" ("DocumentType_ID", "DocumentTypeDesc", "Enabled", "CapturerID", "DateCaptured", "ModuleID") VALUES (23, 'Depreciation', 1, 1, '2013-02-15 09:22:15.613', 8) ON CONFLICT ("DocumentType_ID") DO NOTHING;
INSERT INTO "Const_DocumentType" ("DocumentType_ID", "DocumentTypeDesc", "Enabled", "CapturerID", "DateCaptured", "ModuleID") VALUES (26, 'Impairment', 1, 1, '2013-02-15 09:22:15.613', 8) ON CONFLICT ("DocumentType_ID") DO NOTHING;
INSERT INTO "Const_DocumentType" ("DocumentType_ID", "DocumentTypeDesc", "Enabled", "CapturerID", "DateCaptured", "ModuleID") VALUES (27, 'Revaluation', 1, 1, '2013-02-15 09:22:15.613', 8) ON CONFLICT ("DocumentType_ID") DO NOTHING;
INSERT INTO "Const_DocumentType" ("DocumentType_ID", "DocumentTypeDesc", "Enabled", "CapturerID", "DateCaptured", "ModuleID") VALUES (28, 'Transfer', 1, 1, '2013-02-15 09:22:15.613', 8) ON CONFLICT ("DocumentType_ID") DO NOTHING;
INSERT INTO "Const_DocumentType" ("DocumentType_ID", "DocumentTypeDesc", "Enabled", "CapturerID", "DateCaptured", "ModuleID") VALUES (29, 'Disposal', 1, 1, '2013-02-15 09:22:15.613', 8) ON CONFLICT ("DocumentType_ID") DO NOTHING;
INSERT INTO "Const_DocumentType" ("DocumentType_ID", "DocumentTypeDesc", "Enabled", "CapturerID", "DateCaptured", "ModuleID") VALUES (306, 'Asset Disposal', 1, 1, '2016-12-12 13:38:06.837', 8) ON CONFLICT ("DocumentType_ID") DO NOTHING;
INSERT INTO "Const_DocumentType" ("DocumentType_ID", "DocumentTypeDesc", "Enabled", "CapturerID", "DateCaptured", "ModuleID") VALUES (316, 'Asset FairValue', 1, 1, '2016-12-12 13:38:06.837', 8) ON CONFLICT ("DocumentType_ID") DO NOTHING;
INSERT INTO "Const_DocumentType" ("DocumentType_ID", "DocumentTypeDesc", "Enabled", "CapturerID", "DateCaptured", "ModuleID") VALUES (420, 'Asset Transfer', 1, 1, '2016-12-12 13:38:06.837', 8) ON CONFLICT ("DocumentType_ID") DO NOTHING;
INSERT INTO "Const_DocumentType" ("DocumentType_ID", "DocumentTypeDesc", "Enabled", "CapturerID", "DateCaptured", "ModuleID") VALUES (666, 'Asset Depreciation', 1, 1, '2016-12-12 13:38:06.837', 8) ON CONFLICT ("DocumentType_ID") DO NOTHING;
INSERT INTO "Const_DocumentType" ("DocumentType_ID", "DocumentTypeDesc", "Enabled", "CapturerID", "DateCaptured", "ModuleID") VALUES (786, 'Asset Impairment', 1, 1, '2016-12-12 13:38:06.837', 8) ON CONFLICT ("DocumentType_ID") DO NOTHING;
INSERT INTO "Const_DocumentType" ("DocumentType_ID", "DocumentTypeDesc", "Enabled", "CapturerID", "DateCaptured", "ModuleID") VALUES (787, 'Asset Reversal of Impairment', 1, 1, '2019-09-05 20:21:38.420', 8) ON CONFLICT ("DocumentType_ID") DO NOTHING;
INSERT INTO "Const_DocumentType" ("DocumentType_ID", "DocumentTypeDesc", "Enabled", "CapturerID", "DateCaptured", "ModuleID") VALUES (999, 'Asset Captilisation', 1, 1, '2016-12-12 13:38:06.833', 8) ON CONFLICT ("DocumentType_ID") DO NOTHING;
INSERT INTO "Const_DocumentType" ("DocumentType_ID", "DocumentTypeDesc", "Enabled", "CapturerID", "DateCaptured", "ModuleID") VALUES (1000, 'Asset Revision', 1, 1, '2016-12-12 13:38:06.840', 8) ON CONFLICT ("DocumentType_ID") DO NOTHING;
INSERT INTO "Const_DocumentType" ("DocumentType_ID", "DocumentTypeDesc", "Enabled", "CapturerID", "DateCaptured", "ModuleID") VALUES (1001, 'Asset Donation', 1, 1, '2016-12-12 13:38:06.837', 8) ON CONFLICT ("DocumentType_ID") DO NOTHING;
INSERT INTO "Const_DocumentType" ("DocumentType_ID", "DocumentTypeDesc", "Enabled", "CapturerID", "DateCaptured", "ModuleID") VALUES (1005, 'Asset Unbundling', 1, 1, '2021-04-19 17:57:41.240', 8) ON CONFLICT ("DocumentType_ID") DO NOTHING;
INSERT INTO "Const_DocumentType" ("DocumentType_ID", "DocumentTypeDesc", "Enabled", "CapturerID", "DateCaptured", "ModuleID") VALUES (1145, 'Asset Revaluation', 1, 1, '2019-12-06 17:27:06.037', 8) ON CONFLICT ("DocumentType_ID") DO NOTHING;
INSERT INTO "Const_DocumentType" ("DocumentType_ID", "DocumentTypeDesc", "Enabled", "CapturerID", "DateCaptured", "ModuleID") VALUES (2316167, 'Asset Refurbishment', 1, 1, '2019-04-25 00:00:00.000', 8) ON CONFLICT ("DocumentType_ID") DO NOTHING;
